{
  "Level": 10000,
  "Instruments": [
    {
      "Harmonics": [
        1,
        0.447561,
        0.128881,
        0.030976,
        0.001764,
        0.030976,
        0.0144,
        0.0049,
        0.017956,
        0.003969,
        0.001764,
        0.0049,
        0.003969,
        0.000784,
        0.000196,
        0,
        0,
        0,
        0,
        0.002401
      ],
      "Attack": {
        "Value": 1,
        "Time": 500
      },
      "Decay": {
        "Value": 0.9,
        "Time": 1600
      },
      "Sustain": {
        "Value": 0.7,
        "Time": 20000
      },
      "Release": {
        "Value": 0,
        "Time": 10000
      }
    }, {
      "Harmonics": [
        1
      ],
      "Attack": {
        "Value": 1,
        "Time": 50
      },
      "Decay": {
        "Value": 0,
        "Time": 3000
      },
      "Sustain": {
        "Value": 0,
        "Time": 0
      },
      "Release": {
        "Value": 0,
        "Time": 0
      }
    }
  ],
  "Voices": [
    {
      "Level": 0.2,
      "Instrument": 0
    },
    {
      "Level": 0.1,
      "Instrument": 0
    },
    {
      "Level": 0.4,
      "Instrument": 1
    }
  ]
}
