{"Level":10000,"Instruments":[{"Harmonics":[1,0.447561,0.128881,0.030976,0.001764,0.030976,0.0144,0.0049,0.017956,0.003969,0.001764,0.0049,0.003969,0.000784,0.000196,0,0,0,0,0.002401]}],"Voices":[{"Level":0.4,"Pitch":71,"Instrument":0},{"Level":0.1,"Pitch":74,"Instrument":0}]}
